{"cameraMode":{"drawMode":0,"name":"Shaded","section":"Shading Mode"},"sceneLighting":false,"audioPlay":false,"sceneViewState":{"m_AlwaysRefresh":false,"showFog":true,"showSkybox":false,"showFlares":true,"showImageEffects":true,"showParticleSystems":true,"showVisualEffectGraphs":true,"m_FxEnabled":true},"in2DMode":false,"pivot":{"x":1.1920928955078126e-7,"y":0.44099998474121096,"z":-2.384185791015625e-7},"rotation":{"x":0.06895262002944946,"y":-0.011660285294055939,"z":0.0007976135239005089,"w":0.997579038143158},"size":2.1663060188293459,"orthographic":true}