{"cameraMode":{"drawMode":0,"name":"Shaded","section":"Shading Mode"},"sceneLighting":true,"audioPlay":false,"sceneViewState":{"m_AlwaysRefresh":false,"showFog":true,"showSkybox":true,"showFlares":true,"showImageEffects":true,"showParticleSystems":true,"showVisualEffectGraphs":true,"m_FxEnabled":true},"in2DMode":false,"pivot":{"x":2.0200302600860597,"y":-15.238919258117676,"z":1.2327561378479005},"rotation":{"x":0.10966458171606064,"y":0.4918120801448822,"z":-0.06260547041893006,"w":0.8615390062332153},"size":2.3196158409118654,"orthographic":true}